<?xml version="1.0" encoding="UTF-8"?>
<project xmlns="http://maven.apache.org/POM/4.0.0" xmlns:xsi="http://www.w3.org/2001/XMLSchema-instance" xsi:schemaLocation="http://maven.apache.org/POM/4.0.0 http://maven.apache.org/maven-v4_0_0.xsd">
  <parent>
    <artifactId>BedWars1058</artifactId>
    <groupId>com.andrei1058.bedwars</groupId>
    <version>25.2</version>
  </parent>
  <modelVersion>4.0.0</modelVersion>
  <artifactId>bedwars-plugin</artifactId>
  <version>${project.parent.version}</version>
  <build>
    <resources>
      <resource>
        <filtering>true</filtering>
        <directory>src/main/resources</directory>
        <includes>
          <include>plugin.yml</include>
        </includes>
      </resource>
    </resources>
    <plugins>
      <plugin>
        <artifactId>maven-shade-plugin</artifactId>
        <version>3.5.0</version>
        <executions>
          <execution>
            <phase>package</phase>
            <goals>
              <goal>shade</goal>
            </goals>
          </execution>
        </executions>
        <configuration>
          <relocations>
            <relocation>
              <pattern>org.bstats</pattern>
              <shadedPattern>com.andrei1058.bedwars.libs.bstats</shadedPattern>
            </relocation>
            <relocation>
              <pattern>com.zaxxer.hikari</pattern>
              <shadedPattern>com.andrei1058.bedwars.libs.hikari</shadedPattern>
            </relocation>
            <relocation>
              <pattern>org.slf4j</pattern>
              <shadedPattern>com.andrei1058.bedwars.libs.slf4j</shadedPattern>
            </relocation>
            <relocation>
              <pattern>com.andrei1058.spigot.sidebar</pattern>
              <shadedPattern>com.andrei1058.bedwars.libs.sidebar</shadedPattern>
            </relocation>
            <relocation>
              <pattern>com.andrei1058.spigot.sidebarutils</pattern>
              <shadedPattern>com.andrei1058.bedwars.libs.updater</shadedPattern>
            </relocation>
          </relocations>
        </configuration>
      </plugin>
      <plugin>
        <artifactId>maven-deploy-plugin</artifactId>
        <configuration>
          <skip>true</skip>
        </configuration>
      </plugin>
    </plugins>
  </build>
  <repositories>
    <repository>
      <id>placeholderapi</id>
      <url>https://repo.extendedclip.com/content/repositories/placeholderapi/</url>
    </repository>
    <repository>
      <id>codemc-public</id>
      <url>https://repo.codemc.io/repository/maven-public/</url>
    </repository>
    <repository>
      <id>codemc-releases</id>
      <url>https://repo.codemc.io/repository/maven-releases/</url>
    </repository>
    <repository>
      <id>codemc-snapshots</id>
      <url>https://repo.codemc.io/repository/maven-snapshots/</url>
    </repository>
    <repository>
      <id>codemc-nms</id>
      <url>https://repo.codemc.io/repository/nms/</url>
    </repository>
    <repository>
      <id>simonsators-repo</id>
      <url>https://simonsator.de/repo/</url>
    </repository>
    <repository>
      <id>citizens</id>
      <url>https://maven.citizensnpcs.co/repo</url>
    </repository>
    <repository>
      <id>spigotmc-repo</id>
      <url>https://hub.spigotmc.org/nexus/content/repositories/snapshots/</url>
    </repository>
    <repository>
      <id>alessioDP-releases</id>
      <url>https://repo.alessiodp.com/releases/</url>
    </repository>
    <repository>
      <id>andrei1058-releases</id>
      <url>https://repo.andrei1058.dev/releases/</url>
    </repository>
    <repository>
      <id>citizens-repo</id>
      <url>https://maven.citizensnpcs.co/repo</url>
    </repository>
    <repository>
      <id>papermc</id>
      <url>https://repo.papermc.io/repository/maven-public/</url>
    </repository>
  </repositories>
  <dependencies>
    <dependency>
      <groupId>de.simonsator</groupId>
      <artifactId>Party-and-Friends-MySQL-Edition-Spigot-API</artifactId>
      <version>1.5.4-RELEASE</version>
      <scope>provided</scope>
    </dependency>
    <dependency>
      <groupId>de.simonsator</groupId>
      <artifactId>Spigot-Party-API-For-RedisBungee</artifactId>
      <version>1.0.3-SNAPSHOT</version>
      <scope>provided</scope>
    </dependency>
    <dependency>
      <groupId>de.simonsator</groupId>
      <artifactId>DevelopmentPAFSpigot</artifactId>
      <version>1.0.239</version>
      <scope>provided</scope>
    </dependency>
    <dependency>
      <groupId>com.alessiodp.parties</groupId>
      <artifactId>parties-api</artifactId>
      <version>3.2.9</version>
      <scope>provided</scope>
    </dependency>
    <dependency>
      <groupId>net.citizensnpcs</groupId>
      <artifactId>citizens-main</artifactId>
      <version>2.0.30-SNAPSHOT</version>
      <scope>provided</scope>
      <exclusions>
        <exclusion>
          <artifactId>junit</artifactId>
          <groupId>junit</groupId>
        </exclusion>
        <exclusion>
          <artifactId>bstats-bukkit</artifactId>
          <groupId>org.bstats</groupId>
        </exclusion>
      </exclusions>
    </dependency>
    <dependency>
      <groupId>net.milkbowl.vault</groupId>
      <artifactId>VaultAPI</artifactId>
      <version>1.7</version>
      <scope>provided</scope>
      <exclusions>
        <exclusion>
          <artifactId>bukkit</artifactId>
          <groupId>org.bukkit</groupId>
        </exclusion>
      </exclusions>
    </dependency>
    <dependency>
      <groupId>org.spigotmc</groupId>
      <artifactId>spigot</artifactId>
      <version>1.8.8-R0.1-SNAPSHOT</version>
      <scope>provided</scope>
    </dependency>
    <dependency>
      <groupId>me.clip</groupId>
      <artifactId>placeholderapi</artifactId>
      <version>2.11.6</version>
      <scope>provided</scope>
    </dependency>
    <dependency>
      <groupId>net.md-5</groupId>
      <artifactId>bungeecord-chat</artifactId>
      <version>1.18-R0.1-SNAPSHOT</version>
      <scope>provided</scope>
    </dependency>
    <dependency>
      <groupId>org.jetbrains</groupId>
      <artifactId>annotations</artifactId>
      <version>24.0.1</version>
      <scope>provided</scope>
    </dependency>
    <dependency>
      <groupId>org.projectlombok</groupId>
      <artifactId>lombok</artifactId>
      <version>1.18.36</version>
      <scope>provided</scope>
    </dependency>
  </dependencies>
</project>
